nombre,telefono
María García López,+34612345678
Juan Martínez Rodríguez,+34623456789
Carmen Sánchez Fernández,+34696567077
José Luis Pérez González,+34645678901
Ana Isabel Gómez Ruiz,+34656789012
Francisco Javier Díaz Moreno,+34667890123
Laura Fernández Jiménez,+34678901234
Miguel Ángel López Martín,+34689012345
Elena Rodríguez Álvarez,+34690123456
David González Romero,+34601234567
Isabel Martín Serrano,+34612345670
Alberto Ruiz Navarro,+34623456781
Cristina Jiménez Castro,+34634567892
Roberto Moreno Ortega,+34645678903
Patricia Álvarez Ramos,+34656789014
Carlos Romero Molina,+34667890125
Lucía Serrano Gil,+34678901236
Javier Navarro Vázquez,+34689012347
Marta Castro Iglesias,+34690123458
Sergio Ortega Delgado,+34601234569